L,classes,halt,halt_frac,cycle_key,cycle_classes
2,3,3,1.0000,,
3,9,9,1.0000,,
4,9,9,1.0000,,
5,27,27,1.0000,,
6,27,27,1.0000,,
7,81,81,1.0000,,
8,81,81,1.0000,,
9,243,237,0.9753,,
9,243,,,ACACACACACBBBA,4
9,243,,,ACBACBBBA,2
10,243,227,0.9342,,
10,243,,,ACACACACACBBBA,14
10,243,,,ACBACBBBA,2
11,729,685,0.9396,,
11,729,,,ACACACACACBBBA,42
11,729,,,ACBACBBBA,2
12,729,702,0.9630,,
12,729,,,ACACACACACBBBA,26
12,729,,,ACBACBBBA,1
13,2187,2088,0.9547,,
13,2187,,,ACACACACACBBBA,93
13,2187,,,ACACACACACACACACACACBBBBBBACACAC,3
13,2187,,,ACBACBBBA,3
14,2187,2066,0.9447,,
14,2187,,,ACACACACACBBBA,115
14,2187,,,ACACACACACACACACACACBBBBBBACACAC,4
14,2187,,,ACBACBBBA,2
15,6561,6214,0.9471,,
15,6561,,,ACACACACACBBBA,305
15,6561,,,ACACACACACACACACACACBBBBBBACACAC,39
15,6561,,,ACBACBBBA,3
16,6561,6141,0.9360,,
16,6561,,,ACACACACACBBBA,379
16,6561,,,ACACACACACACACACACACBBBBBBACACAC,34
16,6561,,,ACBACBBBA,4
16,6561,,,ACACACACACBBBACACACBBA,3
17,19683,18437,0.9367,,
17,19683,,,ACACACACACBBBA,1100
17,19683,,,ACACACACACACACACACACBBBBBBACACAC,114
17,19683,,,ACACACACACBBBACACACBBA,24
17,19683,,,ACBACBBBA,6
17,19683,,,ACBACBBBACBACBBBA,2
18,19683,18507,0.9403,,
18,19683,,,ACACACACACBBBA,958
18,19683,,,ACACACACACACACACACACBBBBBBACACAC,165
18,19683,,,ACACACACACBBBACACACBBA,46
18,19683,,,ACBACBBBA,5
18,19683,,,ACBACBBBACBACBBBA,2
19,59049,55902,0.9467,,
19,59049,,,ACACACACACBBBA,2345
19,59049,,,ACACACACACACACACACACBBBBBBACACAC,628
19,59049,,,ACACACACACBBBACACACBBA,157
19,59049,,,ACBACBBBA,15
19,59049,,,ACBACBBBACBACBBBA,2
20,59049,55656,0.9425,,
20,59049,,,ACACACACACBBBA,2770
20,59049,,,ACACACACACACACACACACBBBBBBACACAC,477
20,59049,,,ACACACACACBBBACACACBBA,102
20,59049,,,ACBACBBBA,43
20,59049,,,ACBACBBBACBACBBBA,1
21,177147,167348,0.9447,,
21,177147,,,ACACACACACBBBA,7871
21,177147,,,ACACACACACACACACACACBBBBBBACACAC,1443
21,177147,,,ACACACACACBBBACACACBBA,381
21,177147,,,ACBACBBBA,99
21,177147,,,ACBACBBBACBACBBBA,5
22,177147,168131,0.9491,,
22,177147,,,ACACACACACBBBA,6504
22,177147,,,ACACACACACACACACACACBBBBBBACACAC,1962
22,177147,,,ACACACACACBBBACACACBBA,502
22,177147,,,ACBACBBBA,44
22,177147,,,ACBACBBBACBACBBBA,4
23,531441,506745,0.9535,,
23,531441,,,ACACACACACBBBA,16802
23,531441,,,ACACACACACACACACACACBBBBBBACACAC,6583
23,531441,,,ACACACACACBBBACACACBBA,1170
23,531441,,,ACBACBBBA,130
23,531441,,,ACBACBBBACBACBBBA,5
23,531441,,,ACACACACACBBBACBBBBBBACBBBBBBACACA,3
23,531441,,,ACACACACACBBBBBACACBBBBBBACACA,3
24,531441,505424,0.9510,,
24,531441,,,ACACACACACBBBA,19619
24,531441,,,ACACACACACACACACACACBBBBBBACACAC,5155
24,531441,,,ACACACACACBBBACACACBBA,983
24,531441,,,ACBACBBBA,247
24,531441,,,ACBACBBBACBACBBBA,5
24,531441,,,ACACACACACBBBACBBBBBBACBBBBBBACACA,4
24,531441,,,ACACACACACBBBBBACACBBBBBBACACA,4
