L,classes,halt,cycle,unknown,max_steps_to_halt,argmax_word
2,3,3,0,0,25,BA
3,9,9,0,0,27,CBB
4,9,9,0,0,32,BABA
5,27,27,0,0,130,BBABA
6,27,27,0,0,155,BABABA
7,81,81,0,0,159,CBBBBBB
8,81,81,0,0,155,BBBABABC
9,243,237,6,0,173,BBABABBBA
10,243,227,16,0,315,BABABBBABB
11,729,685,44,0,1269,BBABBBABABB
12,729,702,27,0,1270,BABBBABABBBC
13,2187,2088,99,0,1289,CBBBABBBABBBB
14,2187,2066,121,0,1286,BBBABABCBBBABB
15,6561,6214,347,0,1296,CBBBABBBBBABABB
16,6561,6141,420,0,1294,BBBABCBBBABBBBBA
17,19683,18437,1246,0,41866,BBABABABABBBABBBA
18,19683,18507,1176,0,41867,BABABABABBBABBBABC
19,59049,55902,3147,0,42342,CBBBBBABABBBBBABABA
20,59049,55656,3393,0,42341,BBBCBBBBBABABBBBBABA
21,177147,167348,9799,0,42778,BBABCBBBABBBABBBBBABA
22,177147,168131,9016,0,42780,BABBBABBBABBBBBABABCBB
23,531441,506745,24696,0,43004,BBABCBBBABBBCBBBABABABA
24,531441,505424,26017,0,83347,BABABBBABCBBBBBABBBABBBA
25,1594323,1518055,76268,0,114273,BBABABBBBBABBBABCBBBABABB
26,1594323,1521969,72354,0,114278,BABBBABCBBBABABBBCBCBBBBBA
27,4782969,4575208,207761,0,114350,CBCBBBABBBABABABBBCBCBBBABA
28,4782969,4563822,219147,0,114349,BBBCBCBBBABBBABABABBBCBCBBBA
