L,classes,halt,cycle,unknown,max_steps_to_halt
2,3,3,0,0,25
3,9,9,0,0,27
4,9,9,0,0,32
5,27,27,0,0,130
6,27,27,0,0,155
7,81,81,0,0,159
8,81,81,0,0,155
9,243,237,6,0,173
10,243,227,16,0,315
11,729,685,44,0,1269
12,729,702,27,0,1270
13,2187,2088,99,0,1289
14,2187,2066,121,0,1286
15,6561,6214,347,0,1296
16,6561,6141,420,0,1294
17,19683,18437,1246,0,41866
18,19683,18507,1176,0,41867
19,59049,55902,3147,0,42342
20,59049,55656,3393,0,42341
21,177147,167348,9799,0,42778
22,177147,168131,9016,0,42780
23,531441,506745,24696,0,43004
24,531441,505424,26017,0,83347
