n,tag_steps,collatz_T_steps,collatz_max,tag_max_len,formula
2,2,1,2,2,2
3,24,5,8,8,24
4,6,2,4,4,6
5,20,4,8,8,20
6,30,6,8,8,30
7,128,11,26,26,128
8,14,3,8,8,14
9,152,13,26,26,152
10,30,5,10,10,30
11,120,10,26,26,120
12,42,7,12,12,42
13,64,7,20,20,64
14,142,12,26,26,142
15,300,12,80,80,300
16,30,4,16,16,30
17,108,9,26,26,108
18,170,14,26,26,170
19,236,14,44,44,236
20,50,6,20,20,50
21,84,6,32,32,84
22,142,11,26,26,142
23,284,11,80,80,284
24,66,8,24,24,66
25,300,16,44,44,300
26,90,8,26,26,90
27,40656,70,4616,4616,40656
28,170,13,28,28,170
29,216,13,44,44,216
30,330,13,80,80,330
31,40524,67,4616,4616,40524
32,62,5,32,32,62
33,384,18,50,50,384
34,142,10,34,34,142
35,260,10,80,80,260
36,206,15,36,36,206
37,264,15,56,56,264
38,274,15,44,44,274
39,996,23,152,152,996
40,90,7,40,40,90
41,40628,69,4616,4616,40628
42,126,7,42,42,126
43,596,20,98,98,596
44,186,12,44,44,186
45,256,12,68,68,256
46,330,12,80,80,330
47,40492,66,4616,4616,40492
48,114,9,48,48,114
49,388,17,74,74,388
50,350,17,50,50,350
51,520,17,116,116,520
52,142,9,52,52,142
53,224,9,80,80,224
54,40710,71,4616,4616,40710
55,41040,71,4616,4616,41040
56,226,14,56,56,226
57,740,22,98,98,740
58,274,14,58,58,274
59,956,22,152,152,956
60,390,14,80,80,390
61,484,14,92,92,484
62,40586,68,4616,4616,40586
63,42160,68,4616,4616,42160
64,126,6,64,64,126
65,552,19,98,98,552
66,450,19,66,66,450
67,672,19,152,152,672
68,210,11,68,68,210
69,316,11,104,104,316
70,330,11,80,80,330
71,40444,65,4616,4616,40444
72,278,16,72,72,278
73,41224,73,4616,4616,41224
74,338,16,74,74,338
75,700,11,170,170,700
76,350,16,76,76,350
77,468,16,116,116,468
78,1074,24,152,152,1074
79,1860,24,404,404,1860
80,170,8,80,80,170
81,688,16,122,122,688
82,40710,70,4616,4616,40710
83,40984,70,4616,4616,40984
84,210,8,84,84,210
85,340,8,128,128,340
86,682,21,98,98,682
87,1200,21,296,296,1200
88,274,13,88,88,274
89,896,21,152,152,896
90,346,13,90,90,346
91,39556,59,4616,4616,39556
92,422,13,92,92,422
93,564,13,140,140,564
94,40586,67,4616,4616,40586
95,42096,67,4616,4616,42096
96,210,10,96,96,210
97,41468,75,4616,4616,41468
98,486,18,98,98,486
99,812,18,224,224,812
100,450,18,100,100,450
101,604,18,152,152,604
102,622,18,116,116,622
103,39120,56,4616,4616,39120
104,246,10,104,104,246
105,2124,26,404,404,2124
106,330,10,106,106,330
107,40372,64,4616,4616,40372
108,40818,72,4616,4616,40818
109,40984,72,4616,4616,40984
110,41150,72,4616,4616,41150
111,34620,45,4616,4616,34620
112,338,15,112,112,338
113,624,10,170,170,624
114,854,23,114,114,854
115,1232,23,260,260,1232
116,390,15,116,116,390
117,568,15,176,176,568
118,1074,23,152,152,1074
119,1780,23,404,404,1780
120,510,15,120,120,510
121,39860,61,4616,4616,39860
122,606,15,122,122,606
123,2720,31,314,314,2720
124,40710,69,4616,4616,40710
125,40900,69,4616,4616,40900
126,42286,69,4616,4616,42286
127,11404,31,2186,2186,11404
128,254,7,128,128,254
129,41792,77,4616,4616,41792
130,682,20,130,130,682
131,1112,20,296,296,1112
132,582,20,132,132,582
133,784,20,200,200,784
134,806,20,152,152,806
135,2532,28,458,458,2532
136,346,12,136,136,346
137,39464,58,4616,4616,39464
138,454,12,138,138,454
139,2132,28,314,314,2132
140,470,12,140,140,470
141,684,12,212,212,684
142,40586,66,4616,4616,40586
143,42000,66,4616,4616,42000
144,422,17,144,144,422
145,41348,74,4616,4616,41348
146,41370,74,4616,4616,41370
147,41852,74,4616,4616,41852
148,486,17,148,148,486
149,712,17,224,224,712
150,850,12,170,170,850
151,1744,12,512,512,1744
152,502,17,152,152,502
153,1616,25,260,260,1616
154,622,17,154,154,622
155,39016,55,4616,4616,39016
156,1230,25,156,156,1230
157,1468,25,236,236,1468
158,2018,25,404,404,2018
159,23612,36,4616,4616,23612
160,330,9,160,160,330
161,40264,63,4616,4616,40264
162,850,17,162,162,850
163,1384,17,368,368,1384
164,40874,71,4616,4616,40874
165,41124,71,4616,4616,41124
166,41150,71,4616,4616,41150
167,34508,44,4616,4616,34508
168,378,9,168,168,378
169,11828,33,2186,2186,11828
170,510,9,170,170,510
171,42648,79,4616,4616,42648
172,854,22,172,172,854
173,1116,22,260,260,1116
174,1374,22,296,296,1374
175,38276,52,4616,4616,38276
176,450,14,176,176,450
177,1228,22,266,266,1228
178,1074,22,178,178,1074
179,1660,22,404,404,1660
180,526,14,180,180,526
181,800,14,272,272,800
182,39738,60,4616,4616,39738
183,40820,60,4616,4616,40820
184,606,14,184,184,606
185,2596,30,314,314,2596
186,750,14,186,186,750
187,3916,30,476,476,3916
188,40774,68,4616,4616,40774
189,41060,68,4616,4616,41060
190,42286,68,4616,4616,42286
191,11276,30,2186,2186,11276
192,402,11,192,192,402
193,41832,76,4616,4616,41832
194,41662,76,4616,4616,41662
195,42300,76,4616,4616,42300
196,682,19,196,196,682
197,980,19,296,296,980
198,1010,19,224,224,1010
199,45388,76,4616,4616,45388
200,650,19,200,200,650
201,2248,14,512,512,2248
202,806,19,202,202,806
203,2396,27,458,458,2396
204,826,19,204,204,826
205,1136,19,308,308,1136
206,39326,57,4616,4616,39326
207,41368,57,4616,4616,41368
208,454,11,208,208,454
209,1992,27,314,314,1992
210,2334,27,404,404,2334
211,3024,27,476,476,3024
212,542,11,212,212,542
213,864,11,320,320,864
214,40586,65,4616,4616,40586
215,41856,65,4616,4616,41856
216,41034,73,4616,4616,41034
217,1928,19,368,368,1928
218,41202,73,4616,4616,41202
219,5468,35,836,836,5468
220,41370,73,4616,4616,41370
221,41704,73,4616,4616,41704
222,34842,46,4616,4616,34842
223,38364,46,4616,4616,38364
224,562,16,224,224,562
225,12392,35,2186,2186,12392
226,850,11,226,226,850
227,1592,11,512,512,1592
228,1082,24,228,228,1082
229,1428,24,344,344,1428
230,1462,24,260,260,1462
231,48176,81,4616,4616,48176
232,622,16,232,232,622
233,38860,54,4616,4616,38860
234,802,16,234,234,802
235,47172,81,4616,4616,47172
236,1310,24,236,236,1310
237,1668,24,356,356,1668
238,2018,24,404,404,2018
239,23452,35,4616,4616,23452
240,750,16,240,240,750
241,1404,16,362,362,1404
242,40102,62,4616,4616,40102
243,40896,62,4616,4616,40896
244,850,16,244,244,850
245,1220,16,368,368,1220
246,2966,32,314,314,2966
247,4424,32,836,836,4424
248,40958,70,4616,4616,40958
249,4540,32,476,476,4540
250,41150,70,4616,4616,41150
251,34340,43,4616,4616,34340
252,42538,70,4616,4616,42538
253,42920,70,4616,4616,42920
254,11658,32,2186,2186,11658
255,26456,32,6560,6560,26456
256,510,8,256,256,510
257,42476,78,4616,4616,42476
258,42050,78,4616,4616,42050
259,42896,78,4616,4616,42896
260,942,21,260,260,942
261,1336,21,392,392,1336
262,1374,21,296,296,1374
263,38100,51,4616,4616,38100
264,846,21,264,264,846
265,46052,78,4616,4616,46052
266,1050,21,266,266,1050
267,2876,16,602,602,2876
268,1074,21,268,268,1074
269,1480,21,404,404,1480
270,2802,29,458,458,2802
271,5472,29,1376,1376,5472
272,618,13,272,272,618
273,1820,21,410,410,1820
274,39738,59,4616,4616,39738
275,40636,59,4616,4616,40636
276,730,13,276,276,730
277,1148,13,416,416,1148
278,2410,29,314,314,2410
279,4056,29,944,944,4056
280,750,13,280,280,750
281,3728,29,476,476,3728
282,966,13,282,282,966
283,33144,40,4616,4616,33144
284,40870,67,4616,4616,40870
285,41300,67,4616,4616,41300
286,42286,67,4616,4616,42286
287,11084,29,2186,2186,11084
288,710,18,288,288,710
289,2652,21,434,434,2652
290,41638,75,4616,4616,41638
291,42588,75,4616,4616,42588
292,41662,75,4616,4616,41662
293,42104,75,4616,4616,42104
294,42146,75,4616,4616,42146
295,9068,37,1124,1124,9068
296,782,18,296,296,782
297,39108,48,4616,4616,39108
298,1010,18,298,298,1010
299,45188,75,4616,4616,45188
300,1150,13,300,300,1150
301,1604,13,452,452,1604
302,2046,13,512,512,2046
303,10124,29,1538,1538,10124
304,806,18,304,304,806
305,2192,26,458,458,2192
306,1922,26,306,306,1922
307,2924,26,692,692,2924
308,930,18,308,308,930
309,1396,18,464,464,1396
310,39326,56,4616,4616,39326
311,41160,56,4616,4616,41160
312,1542,26,312,312,1542
313,47956,83,4616,4616,47956
314,1782,26,314,314,1782
315,4240,26,800,800,4240
316,2334,26,404,404,2334
317,2812,26,476,476,2812
318,23930,37,4616,4616,23930
319,31796,37,4616,4616,31796
320,650,10,320,320,650
321,2208,18,482,482,2208
322,40586,64,4616,4616,40586
323,41640,64,4616,4616,41640
324,1174,18,324,324,1174
325,1664,18,488,488,1664
326,1710,18,368,368,1710
327,70624,91,4616,4616,70624
328,41202,72,4616,4616,41202
329,5248,34,836,836,5248
330,41454,72,4616,4616,41454
331,3260,18,746,746,3260
332,41482,72,4616,4616,41482
333,41984,72,4616,4616,41984
334,34842,45,4616,4616,34842
335,38140,45,4616,4616,38140
336,714,10,336,336,714
337,43764,72,4616,4616,43764
338,12166,34,2186,2186,12166
339,13272,34,2186,2186,13272
340,850,10,340,340,850
341,1364,10,512,512,1364
342,42990,80,4616,4616,42990
343,45012,80,4616,4616,45012
344,1198,23,344,344,1198
345,43760,80,4616,4616,43760
346,1462,23,346,346,1462
347,47944,80,4616,4616,47944
348,1722,23,348,348,1722
349,2248,23,524,524,2248
350,38626,53,4616,4616,38626
351,44160,53,4616,4616,44160
352,802,15,352,352,802
353,46936,80,4616,4616,46936
354,1582,23,354,354,1582
355,2740,23,800,800,2740
356,1430,23,356,356,1430
357,1968,23,536,536,1968
358,2018,23,404,404,2018
359,23212,34,4616,4616,23212
360,886,15,360,360,886
361,6376,31,1376,1376,6376
362,1162,15,362,362,1162
363,5676,31,818,818,5676
364,40102,61,4616,4616,40102
365,40652,61,4616,4616,40652
366,41186,61,4616,4616,41186
367,12224,31,2096,2096,12224
368,974,15,368,368,974
369,2072,15,554,554,2072
370,2966,31,370,370,2966
371,4176,31,836,836,4176
372,1122,15,372,372,1122
373,1684,15,560,560,1684
374,4290,31,476,476,4290
375,6500,31,1268,1268,6500
376,41150,69,4616,4616,41150
377,34088,42,4616,4616,34088
378,41438,69,4616,4616,41438
379,11416,39,1376,1376,11416
380,42666,69,4616,4616,42666
381,43240,69,4616,4616,43240
382,11658,31,2186,2186,11658
383,26200,31,6560,6560,26200
384,786,12,384,384,786
385,3616,23,578,578,3616
386,42218,77,4616,4616,42218
387,43480,77,4616,4616,43480
388,42050,77,4616,4616,42050
389,42636,77,4616,4616,42636
390,42690,77,4616,4616,42690
391,46292,77,4616,4616,46292
392,1074,20,392,392,1074
393,10052,39,1124,1124,10052
394,1374,20,394,394,1374
395,37836,50,4616,4616,37836
396,1406,20,396,396,1406
397,2004,20,596,596,2004
398,45786,77,4616,4616,45786
399,49712,77,4616,4616,49712
400,1050,20,400,400,1050
401,2608,15,602,602,2608
402,2650,15,512,512,2650
403,3964,15,908,908,3964
404,1210,20,404,404,1210
405,1820,20,608,608,1820
406,2802,28,458,458,2802
407,5200,28,1376,1376,5200
408,1234,20,408,408,1234
409,3948,28,692,692,3948
410,1546,20,410,410,1546
411,55148,85,4616,4616,55148
412,39738,58,4616,4616,39738
413,40360,58,4616,4616,40360
414,41782,58,4616,4616,41782
415,66576,85,4616,4616,66576
416,870,12,416,416,870
417,49000,85,4616,4616,49000
418,2410,28,418,418,2410
419,3776,28,944,944,3776
420,2754,28,420,420,2754
421,3388,28,632,632,3388
422,3446,28,476,476,3446
423,11508,23,1610,1610,11508
424,966,12,424,424,966
425,32860,39,4616,4616,32860
426,1290,12,426,426,1290
427,9612,36,1376,1376,9612
428,41014,66,4616,4616,41014
429,41660,66,4616,4616,41660
430,42286,66,4616,4616,42286
431,10796,28,2186,2186,10796
432,41466,74,4616,4616,41466
433,2748,20,650,650,2748
434,2362,20,434,434,2362
435,3780,20,980,980,3780
436,41638,74,4616,4616,41638
437,42296,74,4616,4616,42296
438,5906,36,836,836,5906
439,8492,36,1484,1484,8492
440,41810,74,4616,4616,41810
441,4364,20,746,746,4364
442,42146,74,4616,4616,42146
443,8772,36,1124,1124,8772
444,35286,47,4616,4616,35286
445,35956,47,4616,4616,35956
446,38810,47,4616,4616,38810
447,189296,63,19682,19682,189296
448,1010,17,448,448,1010
449,44888,74,4616,4616,44888
450,12842,36,2186,2186,12842
451,14312,36,2186,2186,14312
452,1302,12,452,452,1302
453,1984,12,680,680,1984
454,2046,12,512,512,2046
455,9820,28,1538,1538,9820
456,1538,25,456,456,1538
457,46156,82,4616,4616,46156
458,1886,25,458,458,1886
459,45528,82,4616,4616,45528
460,1922,25,460,460,1922
461,2616,25,692,692,2616
462,48638,82,4616,4616,48638
463,53192,82,4616,4616,53192
464,1086,17,464,464,1086
465,3412,25,698,698,3412
466,39326,55,4616,4616,39326
467,40848,55,4616,4616,40848
468,1270,17,468,468,1270
469,1976,17,704,704,1976
470,47642,82,4616,4616,47642
471,50416,82,4616,4616,50416
472,1782,25,472,472,1782
473,3924,25,800,800,3924
474,2142,25,474,474,2142
475,8820,20,1808,1808,8820
476,2494,25,476,476,2494
477,3212,25,716,716,3212
478,23930,36,4616,4616,23930
479,31476,36,4616,4616,31476
480,1230,17,480,480,1230
481,7580,33,1376,1376,7580
482,1886,17,482,482,1886
483,3460,17,1088,1088,3460
484,40586,63,4616,4616,40586
485,41316,63,4616,4616,41316
486,41382,63,4616,4616,41382
487,64776,90,4616,4616,64776
488,1338,17,488,488,1338
489,13448,33,2096,2096,13448
490,1710,17,490,490,1710
491,70296,90,4616,4616,70296
492,3458,33,492,492,3458
493,4200,33,740,740,4200
494,4918,33,836,836,4918
495,107844,63,7154,7154,107844
496,41454,71,4616,4616,41454
497,2928,17,746,746,2928
498,5038,33,498,498,5038
499,6664,33,1124,1124,6664
500,41650,71,4616,4616,41650
501,42404,71,4616,4616,42404
502,34842,44,4616,4616,34842
503,37804,44,4616,4616,37804
504,43042,71,4616,4616,43042
505,12680,41,1376,1376,12680
506,43426,71,4616,4616,43426
507,10072,25,1448,1448,10072
508,12166,33,2186,2186,12166
509,12932,33,2186,2186,12932
510,26966,33,6560,6560,26966
511,112924,41,19682,19682,112924
512,1022,9,512,512,1022
513,4900,25,770,770,4900
514,42990,79,4616,4616,42990
515,44668,79,4616,4616,44668
516,42566,79,4616,4616,42566
517,43344,79,4616,4616,43344
518,43414,79,4616,4616,43414
519,12324,41,1754,1754,12324
520,1462,22,520,520,1462
521,47596,79,4616,4616,47596
522,1858,22,522,522,1858
523,46108,79,4616,4616,46108
524,1898,22,524,524,1898
525,2688,22,788,788,2688
526,38626,52,4616,4616,38626
527,43808,52,4616,4616,43808
528,1374,22,528,528,1374
529,3328,22,794,794,3328
530,46582,79,4616,4616,46582
531,48312,79,4616,4616,48312
532,1582,22,532,532,1582
533,2384,22,800,800,2384
534,3410,17,602,602,3410
535,6560,17,1808,1808,6560
536,1610,22,536,536,1610
537,5308,17,908,908,5308
538,2018,22,538,538,2018
539,22852,33,4616,4616,22852
540,3342,30,540,540,3342
541,4156,30,812,812,4156
542,6014,30,1376,1376,6014
543,64596,87,4616,4616,64596
544,1162,14,544,544,1162
545,5312,30,818,818,5312
546,2366,22,546,546,2366
547,4148,22,1232,1232,4148
548,40286,60,4616,4616,40286
549,41112,60,4616,4616,41112
550,41186,60,4616,4616,41186
551,11856,30,2096,2096,11856
552,1282,14,552,552,1282
553,67960,87,4616,4616,67960
554,1702,14,554,554,1702
555,6180,22,1250,1250,6180
556,2966,30,556,556,2966
557,3804,30,836,836,3804
558,4614,30,944,944,4614
559,43812,57,4040,4040,43812
560,1310,14,560,560,1310
561,4792,30,842,842,4792
562,4290,30,562,562,4290
563,6124,30,1268,1268,6124
564,1530,14,564,564,1530
565,2380,14,848,848,2380
566,33710,41,4616,4616,33710
567,37048,41,4616,4616,37048
568,41438,68,4616,4616,41438
569,11036,38,1376,1376,11036
570,41870,68,4616,4616,41870
571,7660,22,1448,1448,7660
572,42858,68,4616,4616,42858
573,43720,68,4616,4616,43720
574,11658,30,2186,2186,11658
575,25816,30,6560,6560,25816
576,1286,19,576,576,1286
577,4192,22,866,866,4192
578,3230,22,578,578,3230
579,5116,22,1304,1304,5116
580,42218,76,4616,4616,42218
581,43092,76,4616,4616,43092
582,43170,76,4616,4616,43170
583,12424,22,1970,1970,12424
584,42246,76,4616,4616,42246
585,9956,38,1484,1484,9956
586,42690,76,4616,4616,42690
587,45900,76,4616,4616,45900
588,42734,76,4616,4616,42734
589,43620,76,4616,4616,43620
590,9658,38,1124,1124,9658
591,15468,38,2996,2996,15468
592,1374,19,592,592,1374
593,37440,49,4616,4616,37440
594,39702,49,4616,4616,39702
595,41640,49,4616,4616,41640
596,1606,19,596,596,1606
597,2504,19,896,896,2504
598,45786,76,4616,4616,45786
599,49312,76,4616,4616,49312
600,1750,14,600,600,1750
