q,r,n_checked_ok,even_branch,odd_branch,pure_class
1,1,119,сжатие,сжатие,остановка
1,2,119,сохранение,сохранение,период
1,3,119,рост,рост,рост
1,4,119,рост,рост,рост
2,1,119,сжатие,сохранение,цикл
2,2,119,сохранение,рост,рост
2,3,119,рост,рост,рост
2,4,119,рост,рост,рост
3,1,119,сжатие,рост,коллатц
3,2,119,сохранение,рост,рост
3,3,119,рост,рост,рост
3,4,119,рост,рост,рост
4,1,119,сжатие,рост,рост
4,2,119,сохранение,рост,рост
4,3,119,рост,рост,рост
4,4,119,рост,рост,рост
5,1,119,сжатие,рост,не решено
5,2,119,сохранение,рост,рост
5,3,119,рост,рост,рост
5,4,119,рост,рост,рост
6,1,119,сжатие,рост,рост
6,2,119,сохранение,рост,рост
6,3,119,рост,рост,рост
6,4,119,рост,рост,рост
7,1,119,сжатие,рост,не решено
7,2,119,сохранение,рост,рост
7,3,119,рост,рост,рост
7,4,119,рост,рост,рост
8,1,119,сжатие,рост,рост
8,2,119,сохранение,рост,рост
8,3,119,рост,рост,рост
8,4,119,рост,рост,рост
